{
  "GET /api/pettypes/{petTypeId}" : {
    "transaction" : "GET /api/pettypes/{petTypeId}",
    "sampleCount" : 600,
    "errorCount" : 0,
    "errorPct" : 0.0,
    "meanResTime" : 112.57499999999997,
    "medianResTime" : 107.0,
    "minResTime" : 5.0,
    "maxResTime" : 575.0,
    "pct1ResTime" : 216.69999999999993,
    "pct2ResTime" : 276.94999999999993,
    "pct3ResTime" : 433.84000000000015,
    "throughput" : 28.51846570654499,
    "receivedKBytesPerSec" : 10.046075146157136,
    "sentKBytesPerSec" : 5.122555135700366
  },
  "GET /api/specialties" : {
    "transaction" : "GET /api/specialties",
    "sampleCount" : 600,
    "errorCount" : 280,
    "errorPct" : 46.666668,
    "meanResTime" : 112.63666666666666,
    "medianResTime" : 106.5,
    "minResTime" : 8.0,
    "maxResTime" : 560.0,
    "pct1ResTime" : 205.79999999999995,
    "pct2ResTime" : 264.89999999999986,
    "pct3ResTime" : 379.82000000000016,
    "throughput" : 28.538812785388128,
    "receivedKBytesPerSec" : 588.9533055971747,
    "sentKBytesPerSec" : 5.072328053652968
  },
  "DELETE /api/pettypes/{petTypeId}" : {
    "transaction" : "DELETE /api/pettypes/{petTypeId}",
    "sampleCount" : 600,
    "errorCount" : 290,
    "errorPct" : 48.333332,
    "meanResTime" : 107.45499999999997,
    "medianResTime" : 101.5,
    "minResTime" : 4.0,
    "maxResTime" : 430.0,
    "pct1ResTime" : 209.4999999999999,
    "pct2ResTime" : 254.8499999999998,
    "pct3ResTime" : 326.8600000000001,
    "throughput" : 29.137529137529135,
    "receivedKBytesPerSec" : 7.066372483852953,
    "sentKBytesPerSec" : 7.680849966006217
  },
  "PUT /api/visits/{visitId}" : {
    "transaction" : "PUT /api/visits/{visitId}",
    "sampleCount" : 600,
    "errorCount" : 53,
    "errorPct" : 8.833333,
    "meanResTime" : 113.08000000000004,
    "medianResTime" : 109.0,
    "minResTime" : 5.0,
    "maxResTime" : 835.0,
    "pct1ResTime" : 207.4999999999999,
    "pct2ResTime" : 269.7999999999997,
    "pct3ResTime" : 414.85000000000014,
    "throughput" : 28.93937201562726,
    "receivedKBytesPerSec" : 8.117672837384845,
    "sentKBytesPerSec" : 21.298793740654993
  },
  "GET /api/pets" : {
    "transaction" : "GET /api/pets",
    "sampleCount" : 600,
    "errorCount" : 59,
    "errorPct" : 9.833333,
    "meanResTime" : 147.0550000000001,
    "medianResTime" : 134.0,
    "minResTime" : 21.0,
    "maxResTime" : 820.0,
    "pct1ResTime" : 260.0,
    "pct2ResTime" : 316.6499999999995,
    "pct3ResTime" : 428.95000000000005,
    "throughput" : 28.429282160625444,
    "receivedKBytesPerSec" : 472.72491708126034,
    "sentKBytesPerSec" : 4.858519900497512
  },
  "DELETE /api/specialties/{specialtyId}" : {
    "transaction" : "DELETE /api/specialties/{specialtyId}",
    "sampleCount" : 600,
    "errorCount" : 288,
    "errorPct" : 48.0,
    "meanResTime" : 99.14833333333337,
    "medianResTime" : 96.0,
    "minResTime" : 4.0,
    "maxResTime" : 502.0,
    "pct1ResTime" : 172.89999999999998,
    "pct2ResTime" : 233.0,
    "pct3ResTime" : 352.96000000000004,
    "throughput" : 29.189978107516417,
    "receivedKBytesPerSec" : 7.025548832400876,
    "sentKBytesPerSec" : 7.7819037338846995
  },
  "PUT /api/owners/{ownerId}" : {
    "transaction" : "PUT /api/owners/{ownerId}",
    "sampleCount" : 600,
    "errorCount" : 200,
    "errorPct" : 33.333332,
    "meanResTime" : 114.9799999999999,
    "medianResTime" : 111.5,
    "minResTime" : 11.0,
    "maxResTime" : 442.0,
    "pct1ResTime" : 211.5999999999999,
    "pct2ResTime" : 274.89999999999986,
    "pct3ResTime" : 356.0,
    "throughput" : 28.422548555187113,
    "receivedKBytesPerSec" : 10.15884059687352,
    "sentKBytesPerSec" : 12.376021435338702
  },
  "DELETE /api/pets/{petId}" : {
    "transaction" : "DELETE /api/pets/{petId}",
    "sampleCount" : 600,
    "errorCount" : 178,
    "errorPct" : 29.666666,
    "meanResTime" : 114.32666666666682,
    "medianResTime" : 114.0,
    "minResTime" : 4.0,
    "maxResTime" : 587.0,
    "pct1ResTime" : 204.79999999999995,
    "pct2ResTime" : 261.8499999999998,
    "pct3ResTime" : 386.8100000000002,
    "throughput" : 29.079629719381575,
    "receivedKBytesPerSec" : 6.908021282654001,
    "sentKBytesPerSec" : 7.552326294649348
  },
  "POST /api/owners" : {
    "transaction" : "POST /api/owners",
    "sampleCount" : 600,
    "errorCount" : 0,
    "errorPct" : 0.0,
    "meanResTime" : 117.36833333333335,
    "medianResTime" : 115.0,
    "minResTime" : 10.0,
    "maxResTime" : 469.0,
    "pct1ResTime" : 219.0,
    "pct2ResTime" : 280.74999999999966,
    "pct3ResTime" : 393.94000000000005,
    "throughput" : 28.545601598553688,
    "receivedKBytesPerSec" : 14.994246277177792,
    "sentKBytesPerSec" : 11.79178659784005
  },
  "GET /api/owners" : {
    "transaction" : "GET /api/owners",
    "sampleCount" : 600,
    "errorCount" : 0,
    "errorPct" : 0.0,
    "meanResTime" : 163.15333333333345,
    "medianResTime" : 150.0,
    "minResTime" : 16.0,
    "maxResTime" : 556.0,
    "pct1ResTime" : 283.0,
    "pct2ResTime" : 337.0,
    "pct3ResTime" : 461.97,
    "throughput" : 28.51168979281505,
    "receivedKBytesPerSec" : 637.7277501158287,
    "sentKBytesPerSec" : 4.928290130203384
  },
  "POST /api/pets" : {
    "transaction" : "POST /api/pets",
    "sampleCount" : 600,
    "errorCount" : 0,
    "errorPct" : 0.0,
    "meanResTime" : 117.95166666666675,
    "medianResTime" : 117.5,
    "minResTime" : 8.0,
    "maxResTime" : 594.0,
    "pct1ResTime" : 204.79999999999995,
    "pct2ResTime" : 282.94999999999993,
    "pct3ResTime" : 394.99,
    "throughput" : 28.481913984619766,
    "receivedKBytesPerSec" : 18.202557586869837,
    "sentKBytesPerSec" : 17.046685120573436
  },
  "DELETE /api/owners/{ownerId}" : {
    "transaction" : "DELETE /api/owners/{ownerId}",
    "sampleCount" : 600,
    "errorCount" : 0,
    "errorPct" : 0.0,
    "meanResTime" : 103.55666666666676,
    "medianResTime" : 99.5,
    "minResTime" : 3.0,
    "maxResTime" : 710.0,
    "pct1ResTime" : 183.69999999999993,
    "pct2ResTime" : 243.89999999999986,
    "pct3ResTime" : 397.3100000000006,
    "throughput" : 29.097963142580017,
    "receivedKBytesPerSec" : 6.7061711930164885,
    "sentKBytesPerSec" : 7.613777582444229
  },
  "PUT /api/pettypes/{petTypeId}" : {
    "transaction" : "PUT /api/pettypes/{petTypeId}",
    "sampleCount" : 600,
    "errorCount" : 0,
    "errorPct" : 0.0,
    "meanResTime" : 110.65666666666658,
    "medianResTime" : 109.0,
    "minResTime" : 7.0,
    "maxResTime" : 510.0,
    "pct1ResTime" : 204.69999999999993,
    "pct2ResTime" : 255.8499999999998,
    "pct3ResTime" : 372.7500000000002,
    "throughput" : 28.5591889190347,
    "receivedKBytesPerSec" : 7.864932885906041,
    "sentKBytesPerSec" : 7.946743062497025
  },
  "DELETE /api/visits/{visitId}" : {
    "transaction" : "DELETE /api/visits/{visitId}",
    "sampleCount" : 600,
    "errorCount" : 120,
    "errorPct" : 20.0,
    "meanResTime" : 110.52666666666673,
    "medianResTime" : 108.0,
    "minResTime" : 5.0,
    "maxResTime" : 468.0,
    "pct1ResTime" : 205.69999999999993,
    "pct2ResTime" : 255.0,
    "pct3ResTime" : 369.8900000000001,
    "throughput" : 29.054283085564865,
    "receivedKBytesPerSec" : 6.952977458718706,
    "sentKBytesPerSec" : 7.599085319718173
  },
  "GET /api/pets/{petId}" : {
    "transaction" : "GET /api/pets/{petId}",
    "sampleCount" : 600,
    "errorCount" : 0,
    "errorPct" : 0.0,
    "meanResTime" : 111.36333333333337,
    "medianResTime" : 111.0,
    "minResTime" : 5.0,
    "maxResTime" : 463.0,
    "pct1ResTime" : 214.79999999999995,
    "pct2ResTime" : 260.94999999999993,
    "pct3ResTime" : 338.97,
    "throughput" : 28.465698832906348,
    "receivedKBytesPerSec" : 17.152575775097258,
    "sentKBytesPerSec" : 5.002207203600911
  },
  "GET /api/visits/{visitId}" : {
    "transaction" : "GET /api/visits/{visitId}",
    "sampleCount" : 600,
    "errorCount" : 74,
    "errorPct" : 12.333333,
    "meanResTime" : 110.9749999999999,
    "medianResTime" : 107.0,