{
  "GET /api/pettypes/{petTypeId}" : {
    "transaction" : "GET /api/pettypes/{petTypeId}",
    "sampleCount" : 200,
    "errorCount" : 0,
    "errorPct" : 0.0,
    "meanResTime" : 45.86000000000001,
    "medianResTime" : 25.0,
    "minResTime" : 6.0,
    "maxResTime" : 330.0,
    "pct1ResTime" : 109.0,
    "pct2ResTime" : 135.95,
    "pct3ResTime" : 220.85000000000014,
    "throughput" : 37.54458419373005,
    "receivedKBytesPerSec" : 12.942615449596396,
    "sentKBytesPerSec" : 6.746292472310869
  },
  "GET /api/specialties" : {
    "transaction" : "GET /api/specialties",
    "sampleCount" : 186,
    "errorCount" : 2,
    "errorPct" : 1.0752689,
    "meanResTime" : 67.99999999999997,
    "medianResTime" : 51.0,
    "minResTime" : 11.0,
    "maxResTime" : 424.0,
    "pct1ResTime" : 137.80000000000007,
    "pct2ResTime" : 184.20000000000005,
    "pct3ResTime" : 311.7699999999994,
    "throughput" : 30.352480417754567,
    "receivedKBytesPerSec" : 932.8379020989719,
    "sentKBytesPerSec" : 5.394679136749347
  },
  "DELETE /api/pettypes/{petTypeId}" : {
    "transaction" : "DELETE /api/pettypes/{petTypeId}",
    "sampleCount" : 129,
    "errorCount" : 53,
    "errorPct" : 41.08527,
    "meanResTime" : 62.116279069767465,
    "medianResTime" : 38.0,
    "minResTime" : 4.0,
    "maxResTime" : 296.0,
    "pct1ResTime" : 150.0,
    "pct2ResTime" : 208.0,
    "pct3ResTime" : 296.0,
    "throughput" : 21.59357214596585,
    "receivedKBytesPerSec" : 5.141256643371276,
    "sentKBytesPerSec" : 5.69361765567459
  },
  "PUT /api/visits/{visitId}" : {
    "transaction" : "PUT /api/visits/{visitId}",
    "sampleCount" : 156,
    "errorCount" : 39,
    "errorPct" : 25.0,
    "meanResTime" : 48.19871794871795,
    "medianResTime" : 35.0,
    "minResTime" : 6.0,
    "maxResTime" : 327.0,
    "pct1ResTime" : 101.60000000000014,
    "pct2ResTime" : 148.15,
    "pct3ResTime" : 292.8000000000004,
    "throughput" : 25.66211547951966,
    "receivedKBytesPerSec" : 7.7705715886658995,
    "sentKBytesPerSec" : 18.07323367330153
  },
  "GET /api/pets" : {
    "transaction" : "GET /api/pets",
    "sampleCount" : 198,
    "errorCount" : 10,
    "errorPct" : 5.050505,
    "meanResTime" : 94.020202020202,
    "medianResTime" : 76.0,
    "minResTime" : 9.0,
    "maxResTime" : 337.0,
    "pct1ResTime" : 200.49999999999997,
    "pct2ResTime" : 227.19999999999993,
    "pct3ResTime" : 332.04999999999995,
    "throughput" : 32.158518759135944,
    "receivedKBytesPerSec" : 452.69056688525257,
    "sentKBytesPerSec" : 5.495840608250772
  },
  "DELETE /api/specialties/{specialtyId}" : {
    "transaction" : "DELETE /api/specialties/{specialtyId}",
    "sampleCount" : 122,
    "errorCount" : 51,
    "errorPct" : 41.80328,
    "meanResTime" : 51.45081967213113,
    "medianResTime" : 30.5,
    "minResTime" : 5.0,
    "maxResTime" : 215.0,
    "pct1ResTime" : 161.7,
    "pct2ResTime" : 173.0,
    "pct3ResTime" : 212.92999999999995,
    "throughput" : 20.528352683829716,
    "receivedKBytesPerSec" : 4.956428518845701,
    "sentKBytesPerSec" : 5.472890901060071
  },
  "PUT /api/owners/{ownerId}" : {
    "transaction" : "PUT /api/owners/{ownerId}",
    "sampleCount" : 200,
    "errorCount" : 0,
    "errorPct" : 0.0,
    "meanResTime" : 61.12500000000001,
    "medianResTime" : 38.0,
    "minResTime" : 6.0,
    "maxResTime" : 334.0,
    "pct1ResTime" : 154.9,
    "pct2ResTime" : 207.79999999999973,
    "pct3ResTime" : 306.2400000000007,
    "throughput" : 32.46226261970459,
    "receivedKBytesPerSec" : 8.939802791754586,
    "sentKBytesPerSec" : 13.631614186008767
  },
  "DELETE /api/pets/{petId}" : {
    "transaction" : "DELETE /api/pets/{petId}",
    "sampleCount" : 142,
    "errorCount" : 51,
    "errorPct" : 35.915493,
    "meanResTime" : 53.09154929577465,
    "medianResTime" : 35.0,
    "minResTime" : 4.0,
    "maxResTime" : 434.0,
    "pct1ResTime" : 103.70000000000002,
    "pct2ResTime" : 155.09999999999997,
    "pct3ResTime" : 389.7099999999993,
    "throughput" : 23.599800565065646,
    "receivedKBytesPerSec" : 5.724178629300315,
    "sentKBytesPerSec" : 6.12782013461858
  },
  "POST /api/owners" : {
    "transaction" : "POST /api/owners",
    "sampleCount" : 200,
    "errorCount" : 0,
    "errorPct" : 0.0,
    "meanResTime" : 52.410000000000004,
    "medianResTime" : 27.0,
    "minResTime" : 5.0,
    "maxResTime" : 428.0,
    "pct1ResTime" : 120.70000000000002,
    "pct2ResTime" : 167.84999999999997,
    "pct3ResTime" : 396.4400000000014,
    "throughput" : 32.95435821387378,
    "receivedKBytesPerSec" : 16.798999011369254,
    "sentKBytesPerSec" : 13.0980701103971
  },
  "GET /api/owners" : {
    "transaction" : "GET /api/owners",
    "sampleCount" : 200,
    "errorCount" : 0,
    "errorPct" : 0.0,
    "meanResTime" : 101.33500000000001,
    "medianResTime" : 73.5,
    "minResTime" : 10.0,
    "maxResTime" : 665.0,
    "pct1ResTime" : 229.9,
    "pct2ResTime" : 289.94999999999976,
    "pct3ResTime" : 473.1300000000008,
    "throughput" : 32.663726931242856,
    "receivedKBytesPerSec" : 597.7812908296586,
    "sentKBytesPerSec" : 5.645976237138657
  },
  "POST /api/pets" : {
    "transaction" : "POST /api/pets",
    "sampleCount" : 200,
    "errorCount" : 9,
    "errorPct" : 4.5,
    "meanResTime" : 85.63500000000003,
    "medianResTime" : 51.0,
    "minResTime" : 7.0,
    "maxResTime" : 475.0,
    "pct1ResTime" : 194.8,
    "pct2ResTime" : 222.84999999999997,
    "pct3ResTime" : 361.94000000000005,
    "throughput" : 32.53619651862697,
    "receivedKBytesPerSec" : 19.9416064238653,
    "sentKBytesPerSec" : 18.714667724093054
  },
  "DELETE /api/owners/{ownerId}" : {
    "transaction" : "DELETE /api/owners/{ownerId}",
    "sampleCount" : 135,
    "errorCount" : 0,
    "errorPct" : 0.0,
    "meanResTime" : 61.740740740740705,
    "medianResTime" : 33.0,
    "minResTime" : 5.0,
    "maxResTime" : 501.0,
    "pct1ResTime" : 149.4,
    "pct2ResTime" : 235.39999999999992,
    "pct3ResTime" : 488.3999999999995,
    "throughput" : 22.537562604340568,
    "receivedKBytesPerSec" : 5.194203881469115,
    "sentKBytesPerSec" : 5.898502712854758
  },
  "PUT /api/pettypes/{petTypeId}" : {
    "transaction" : "PUT /api/pettypes/{petTypeId}",
    "sampleCount" : 200,
    "errorCount" : 0,
    "errorPct" : 0.0,
    "meanResTime" : 57.475,
    "medianResTime" : 28.0,
    "minResTime" : 5.0,
    "maxResTime" : 390.0,
    "pct1ResTime" : 127.9,
    "pct2ResTime" : 189.84999999999997,
    "pct3ResTime" : 358.50000000000045,
    "throughput" : 37.87878787878788,
    "receivedKBytesPerSec" : 10.431463068181818,
    "sentKBytesPerSec" : 10.246508049242424
  },
  "DELETE /api/visits/{visitId}" : {
    "transaction" : "DELETE /api/visits/{visitId}",
    "sampleCount" : 146,
    "errorCount" : 48,
    "errorPct" : 32.876713,
    "meanResTime" : 50.650684931506845,
    "medianResTime" : 28.0,
    "minResTime" : 4.0,
    "maxResTime" : 347.0,
    "pct1ResTime" : 118.60000000000002,
    "pct2ResTime" : 173.95000000000002,
    "pct3ResTime" : 346.06,
    "throughput" : 24.244437064098307,
    "receivedKBytesPerSec" : 6.534146930006642,
    "sentKBytesPerSec" : 6.329007181999335
  },
  "GET /api/pets/{petId}" : {
    "transaction" : "GET /api/pets/{petId}",
    "sampleCount" : 194,
    "errorCount" : 15,
    "errorPct" : 7.731959,
    "meanResTime" : 68.26804123711338,
    "medianResTime" : 47.0,
    "minResTime" : 5.0,
    "maxResTime" : 436.0,
    "pct1ResTime" : 152.0,
    "pct2ResTime" : 187.0,
    "pct3ResTime" : 306.80000000000155,
    "throughput" : 31.596091205211728,
    "receivedKBytesPerSec" : 27.11360571050489,
    "sentKBytesPerSec" : 5.550183224755701
  },
  "GET /api/visits/{visitId}" : {
    "transaction" : "GET /api/visits/{visitId}",
    "sampleCount" : 152,
    "errorCount" : 44,
    "errorPct" : 28.947369,
    "meanResTime" : 59.506578947368375,
    "medianResTime" : 35.5,
    "minResTime" : 6.0,
    "maxResTime" : 334.0,
    "pct1ResTime" : 138.80000000000024,