{
  "GET /api/pettypes/{petTypeId}" : {
    "transaction" : "GET /api/pettypes/{petTypeId}",
    "sampleCount" : 100,
    "errorCount" : 0,
    "errorPct" : 0.0,
    "meanResTime" : 16.33,
    "medianResTime" : 14.5,
    "minResTime" : 4.0,
    "maxResTime" : 54.0,
    "pct1ResTime" : 30.900000000000006,
    "pct2ResTime" : 41.59999999999991,
    "pct3ResTime" : 53.969999999999985,
    "throughput" : 13.379716350013378,
    "receivedKBytesPerSec" : 4.599277495317099,
    "sentKBytesPerSec" : 2.391101652394969
  },
  "GET /api/specialties" : {
    "transaction" : "GET /api/specialties",
    "sampleCount" : 100,
    "errorCount" : 0,
    "errorPct" : 0.0,
    "meanResTime" : 16.16999999999999,
    "medianResTime" : 14.0,
    "minResTime" : 4.0,
    "maxResTime" : 54.0,
    "pct1ResTime" : 29.900000000000006,
    "pct2ResTime" : 35.89999999999998,
    "pct3ResTime" : 53.889999999999944,
    "throughput" : 13.97233477714126,
    "receivedKBytesPerSec" : 53.214401110800615,
    "sentKBytesPerSec" : 2.4833641889059663
  },
  "DELETE /api/pettypes/{petTypeId}" : {
    "transaction" : "DELETE /api/pettypes/{petTypeId}",
    "sampleCount" : 100,
    "errorCount" : 10,
    "errorPct" : 10.0,
    "meanResTime" : 24.510000000000005,
    "medianResTime" : 19.5,
    "minResTime" : 7.0,
    "maxResTime" : 113.0,
    "pct1ResTime" : 44.70000000000002,
    "pct2ResTime" : 58.89999999999998,
    "pct3ResTime" : 112.66999999999983,
    "throughput" : 14.566642388929353,
    "receivedKBytesPerSec" : 3.384183812818645,
    "sentKBytesPerSec" : 3.8265886744355426
  },
  "PUT /api/visits/{visitId}" : {
    "transaction" : "PUT /api/visits/{visitId}",
    "sampleCount" : 100,
    "errorCount" : 2,
    "errorPct" : 2.0,
    "meanResTime" : 24.21,
    "medianResTime" : 20.0,
    "minResTime" : 6.0,
    "maxResTime" : 208.0,
    "pct1ResTime" : 43.0,
    "pct2ResTime" : 50.0,
    "pct3ResTime" : 206.47999999999922,
    "throughput" : 14.29388221841052,
    "receivedKBytesPerSec" : 3.9559435748999427,
    "sentKBytesPerSec" : 10.022049430031446
  },
  "GET /api/pets" : {
    "transaction" : "GET /api/pets",
    "sampleCount" : 100,
    "errorCount" : 0,
    "errorPct" : 0.0,
    "meanResTime" : 25.630000000000013,
    "medianResTime" : 20.0,
    "minResTime" : 7.0,
    "maxResTime" : 106.0,
    "pct1ResTime" : 45.900000000000006,
    "pct2ResTime" : 53.94999999999999,
    "pct3ResTime" : 105.67999999999984,
    "throughput" : 13.704262025489928,
    "receivedKBytesPerSec" : 69.18122922947786,
    "sentKBytesPerSec" : 2.342036967246814
  },
  "DELETE /api/specialties/{specialtyId}" : {
    "transaction" : "DELETE /api/specialties/{specialtyId}",
    "sampleCount" : 100,
    "errorCount" : 21,
    "errorPct" : 21.0,
    "meanResTime" : 22.710000000000004,
    "medianResTime" : 19.0,
    "minResTime" : 6.0,
    "maxResTime" : 81.0,
    "pct1ResTime" : 42.80000000000001,
    "pct2ResTime" : 51.849999999999966,
    "pct3ResTime" : 80.85999999999993,
    "throughput" : 14.58363715910748,
    "receivedKBytesPerSec" : 3.589654048782266,
    "sentKBytesPerSec" : 3.8737786203879248
  },
  "PUT /api/owners/{ownerId}" : {
    "transaction" : "PUT /api/owners/{ownerId}",
    "sampleCount" : 100,
    "errorCount" : 0,
    "errorPct" : 0.0,
    "meanResTime" : 22.090000000000003,
    "medianResTime" : 16.0,
    "minResTime" : 5.0,
    "maxResTime" : 202.0,
    "pct1ResTime" : 38.0,
    "pct2ResTime" : 47.94999999999999,
    "pct3ResTime" : 200.53999999999925,
    "throughput" : 13.65747063643813,
    "receivedKBytesPerSec" : 3.7611393744878447,
    "sentKBytesPerSec" : 5.70839593007375
  },
  "DELETE /api/pets/{petId}" : {
    "transaction" : "DELETE /api/pets/{petId}",
    "sampleCount" : 100,
    "errorCount" : 6,
    "errorPct" : 6.0,
    "meanResTime" : 24.19,
    "medianResTime" : 20.0,
    "minResTime" : 7.0,
    "maxResTime" : 94.0,
    "pct1ResTime" : 43.80000000000001,
    "pct2ResTime" : 55.94999999999999,
    "pct3ResTime" : 93.72999999999986,
    "throughput" : 14.490653528474134,
    "receivedKBytesPerSec" : 3.3961054104477615,
    "sentKBytesPerSec" : 3.7500226416461384
  },
  "POST /api/owners" : {
    "transaction" : "POST /api/owners",
    "sampleCount" : 100,
    "errorCount" : 0,
    "errorPct" : 0.0,
    "meanResTime" : 18.97,
    "medianResTime" : 15.5,
    "minResTime" : 5.0,
    "maxResTime" : 72.0,
    "pct1ResTime" : 36.0,
    "pct2ResTime" : 40.94999999999999,
    "pct3ResTime" : 71.93999999999997,
    "throughput" : 13.449899125756557,
    "receivedKBytesPerSec" : 6.830026899798252,
    "sentKBytesPerSec" : 5.345809515803632
  },
  "GET /api/owners" : {
    "transaction" : "GET /api/owners",
    "sampleCount" : 100,
    "errorCount" : 0,
    "errorPct" : 0.0,
    "meanResTime" : 27.229999999999993,
    "medianResTime" : 21.5,
    "minResTime" : 6.0,
    "maxResTime" : 205.0,
    "pct1ResTime" : 42.80000000000001,
    "pct2ResTime" : 69.29999999999984,
    "pct3ResTime" : 204.69999999999985,
    "throughput" : 13.464386697185942,
    "receivedKBytesPerSec" : 67.01096400801131,
    "sentKBytesPerSec" : 2.327340278712805
  },
  "POST /api/pets" : {
    "transaction" : "POST /api/pets",
    "sampleCount" : 100,
    "errorCount" : 0,
    "errorPct" : 0.0,
    "meanResTime" : 25.160000000000007,
    "medianResTime" : 20.0,
    "minResTime" : 6.0,
    "maxResTime" : 199.0,
    "pct1ResTime" : 44.900000000000006,
    "pct2ResTime" : 53.849999999999966,
    "pct3ResTime" : 198.30999999999966,
    "throughput" : 13.66867140513942,
    "receivedKBytesPerSec" : 8.356043261344997,
    "sentKBytesPerSec" : 7.83545909650082
  },
  "DELETE /api/owners/{ownerId}" : {
    "transaction" : "DELETE /api/owners/{ownerId}",
    "sampleCount" : 100,
    "errorCount" : 0,
    "errorPct" : 0.0,
    "meanResTime" : 19.92000000000001,
    "medianResTime" : 15.0,
    "minResTime" : 4.0,
    "maxResTime" : 100.0,
    "pct1ResTime" : 38.80000000000001,
    "pct2ResTime" : 53.0,
    "pct3ResTime" : 99.69999999999985,
    "throughput" : 14.532771399505886,
    "receivedKBytesPerSec" : 3.349349658479872,
    "sentKBytesPerSec" : 3.789306605144601
  },
  "PUT /api/pettypes/{petTypeId}" : {
    "transaction" : "PUT /api/pettypes/{petTypeId}",
    "sampleCount" : 100,
    "errorCount" : 0,
    "errorPct" : 0.0,
    "meanResTime" : 17.620000000000008,
    "medianResTime" : 15.0,
    "minResTime" : 4.0,
    "maxResTime" : 79.0,
    "pct1ResTime" : 29.900000000000006,
    "pct2ResTime" : 39.799999999999955,
    "pct3ResTime" : 78.78999999999989,
    "throughput" : 13.370771493515177,
    "receivedKBytesPerSec" : 3.682185118331328,
    "sentKBytesPerSec" : 3.6038407541115123
  },
  "DELETE /api/visits/{visitId}" : {
    "transaction" : "DELETE /api/visits/{visitId}",
    "sampleCount" : 100,
    "errorCount" : 4,
    "errorPct" : 4.0,
    "meanResTime" : 21.459999999999994,
    "medianResTime" : 17.0,
    "minResTime" : 5.0,
    "maxResTime" : 99.0,
    "pct1ResTime" : 37.900000000000006,
    "pct2ResTime" : 56.5499999999999,
    "pct3ResTime" : 98.76999999999988,
    "throughput" : 14.44669170759896,
    "receivedKBytesPerSec" : 3.3680260853077146,
    "sentKBytesPerSec" : 3.7664387550563423
  },
  "GET /api/pets/{petId}" : {
    "transaction" : "GET /api/pets/{petId}",
    "sampleCount" : 100,
    "errorCount" : 0,
    "errorPct" : 0.0,
    "meanResTime" : 19.110000000000003,
    "medianResTime" : 14.5,
    "minResTime" : 4.0,
    "maxResTime" : 89.0,
    "pct1ResTime" : 37.0,
    "pct2ResTime" : 53.449999999999875,
    "pct3ResTime" : 88.81999999999991,
    "throughput" : 13.850415512465373,
    "receivedKBytesPerSec" : 7.953168282548477,
    "sentKBytesPerSec" : 2.421117555401662
  },
  "GET /api/visits/{visitId}" : {
    "transaction" : "GET /api/visits/{visitId}",
    "sampleCount" : 100,
    "errorCount" : 3,
    "errorPct" : 3.0,
    "meanResTime" : 22.109999999999992,
    "medianResTime" : 15.5,
    "minResTime" : 5.0,
    "maxResTime" : 138.0,
    "pct1ResTime" : 43.60000000000002,