{
  "GET /api/pettypes/{petTypeId}" : {
    "transaction" : "GET /api/pettypes/{petTypeId}",
    "sampleCount" : 50,
    "errorCount" : 0,
    "errorPct" : 0.0,
    "meanResTime" : 15.659999999999998,
    "medianResTime" : 15.0,
    "minResTime" : 8.0,
    "maxResTime" : 34.0,
    "pct1ResTime" : 22.0,
    "pct2ResTime" : 28.24999999999998,
    "pct3ResTime" : 34.0,
    "throughput" : 10.49317943336831,
    "receivedKBytesPerSec" : 3.607030430220357,
    "sentKBytesPerSec" : 1.8752459338929697
  },
  "GET /api/specialties" : {
    "transaction" : "GET /api/specialties",
    "sampleCount" : 50,
    "errorCount" : 0,
    "errorPct" : 0.0,
    "meanResTime" : 18.54,
    "medianResTime" : 15.5,
    "minResTime" : 7.0,
    "maxResTime" : 75.0,
    "pct1ResTime" : 30.599999999999994,
    "pct2ResTime" : 50.749999999999936,
    "pct3ResTime" : 75.0,
    "throughput" : 10.864841373315949,
    "receivedKBytesPerSec" : 32.490544192742284,
    "sentKBytesPerSec" : 1.9310557909604518
  },
  "DELETE /api/pettypes/{petTypeId}" : {
    "transaction" : "DELETE /api/pettypes/{petTypeId}",
    "sampleCount" : 50,
    "errorCount" : 4,
    "errorPct" : 8.0,
    "meanResTime" : 24.500000000000004,
    "medianResTime" : 23.0,
    "minResTime" : 9.0,
    "maxResTime" : 80.0,
    "pct1ResTime" : 37.49999999999999,
    "pct2ResTime" : 48.19999999999993,
    "pct3ResTime" : 80.0,
    "throughput" : 11.345586566825505,
    "receivedKBytesPerSec" : 2.631644259133197,
    "sentKBytesPerSec" : 2.9804324086680283
  },
  "PUT /api/visits/{visitId}" : {
    "transaction" : "PUT /api/visits/{visitId}",
    "sampleCount" : 50,
    "errorCount" : 3,
    "errorPct" : 6.0,
    "meanResTime" : 23.180000000000007,
    "medianResTime" : 20.0,
    "minResTime" : 11.0,
    "maxResTime" : 77.0,
    "pct1ResTime" : 32.9,
    "pct2ResTime" : 57.899999999999906,
    "pct3ResTime" : 77.0,
    "throughput" : 11.081560283687944,
    "receivedKBytesPerSec" : 3.1182038868572697,
    "sentKBytesPerSec" : 7.768779781693263
  },
  "GET /api/pets" : {
    "transaction" : "GET /api/pets",
    "sampleCount" : 50,
    "errorCount" : 0,
    "errorPct" : 0.0,
    "meanResTime" : 27.9,
    "medianResTime" : 20.5,
    "minResTime" : 8.0,
    "maxResTime" : 124.0,
    "pct1ResTime" : 55.39999999999999,
    "pct2ResTime" : 82.35,
    "pct3ResTime" : 124.0,
    "throughput" : 10.748065348237317,
    "receivedKBytesPerSec" : 50.875085648645744,
    "sentKBytesPerSec" : 1.8368275741616509
  },
  "DELETE /api/specialties/{specialtyId}" : {
    "transaction" : "DELETE /api/specialties/{specialtyId}",
    "sampleCount" : 50,
    "errorCount" : 7,
    "errorPct" : 14.0,
    "meanResTime" : 20.359999999999996,
    "medianResTime" : 19.0,
    "minResTime" : 6.0,
    "maxResTime" : 40.0,
    "pct1ResTime" : 30.9,
    "pct2ResTime" : 33.89999999999999,
    "pct3ResTime" : 40.0,
    "throughput" : 11.470520761642579,
    "receivedKBytesPerSec" : 2.6733930517320488,
    "sentKBytesPerSec" : 3.04685707731131
  },
  "PUT /api/owners/{ownerId}" : {
    "transaction" : "PUT /api/owners/{ownerId}",
    "sampleCount" : 50,
    "errorCount" : 0,
    "errorPct" : 0.0,
    "meanResTime" : 19.12,
    "medianResTime" : 18.0,
    "minResTime" : 10.0,
    "maxResTime" : 50.0,
    "pct1ResTime" : 29.799999999999997,
    "pct2ResTime" : 35.49999999999996,
    "pct3ResTime" : 50.0,
    "throughput" : 10.815487778498811,
    "receivedKBytesPerSec" : 2.978483939000649,
    "sentKBytesPerSec" : 4.520535907419425
  },
  "DELETE /api/pets/{petId}" : {
    "transaction" : "DELETE /api/pets/{petId}",
    "sampleCount" : 50,
    "errorCount" : 4,
    "errorPct" : 8.0,
    "meanResTime" : 27.299999999999994,
    "medianResTime" : 21.5,
    "minResTime" : 13.0,
    "maxResTime" : 124.0,
    "pct1ResTime" : 40.29999999999999,
    "pct2ResTime" : 83.04999999999987,
    "pct3ResTime" : 124.0,
    "throughput" : 11.228385358185491,
    "receivedKBytesPerSec" : 2.604459072535369,
    "sentKBytesPerSec" : 2.9057833202335503
  },
  "POST /api/owners" : {
    "transaction" : "POST /api/owners",
    "sampleCount" : 50,
    "errorCount" : 0,
    "errorPct" : 0.0,
    "meanResTime" : 19.700000000000003,
    "medianResTime" : 16.0,
    "minResTime" : 11.0,
    "maxResTime" : 67.0,
    "pct1ResTime" : 33.699999999999996,
    "pct2ResTime" : 38.449999999999996,
    "pct3ResTime" : 67.0,
    "throughput" : 10.604453870625663,
    "receivedKBytesPerSec" : 5.385074231177095,
    "sentKBytesPerSec" : 4.21485617709438
  },
  "GET /api/owners" : {
    "transaction" : "GET /api/owners",
    "sampleCount" : 50,
    "errorCount" : 0,
    "errorPct" : 0.0,
    "meanResTime" : 23.1,
    "medianResTime" : 18.5,
    "minResTime" : 9.0,
    "maxResTime" : 134.0,
    "pct1ResTime" : 34.699999999999996,
    "pct2ResTime" : 62.14999999999997,
    "pct3ResTime" : 134.0,
    "throughput" : 10.588733587462938,
    "receivedKBytesPerSec" : 49.41650287219398,
    "sentKBytesPerSec" : 1.8302791454891993
  },
  "POST /api/pets" : {
    "transaction" : "POST /api/pets",
    "sampleCount" : 50,
    "errorCount" : 0,
    "errorPct" : 0.0,
    "meanResTime" : 23.220000000000006,
    "medianResTime" : 20.5,
    "minResTime" : 10.0,
    "maxResTime" : 64.0,
    "pct1ResTime" : 34.9,
    "pct2ResTime" : 51.749999999999936,
    "pct3ResTime" : 64.0,
    "throughput" : 10.743446497636441,
    "receivedKBytesPerSec" : 6.567771003437903,
    "sentKBytesPerSec" : 6.158596771594327
  },
  "DELETE /api/owners/{ownerId}" : {
    "transaction" : "DELETE /api/owners/{ownerId}",
    "sampleCount" : 50,
    "errorCount" : 0,
    "errorPct" : 0.0,
    "meanResTime" : 20.68,
    "medianResTime" : 18.0,
    "minResTime" : 8.0,
    "maxResTime" : 92.0,
    "pct1ResTime" : 32.8,
    "pct2ResTime" : 49.299999999999855,
    "pct3ResTime" : 92.0,
    "throughput" : 11.284134506883321,
    "receivedKBytesPerSec" : 2.6006403746332656,
    "sentKBytesPerSec" : 2.942249915368991
  },
  "PUT /api/pettypes/{petTypeId}" : {
    "transaction" : "PUT /api/pettypes/{petTypeId}",
    "sampleCount" : 50,
    "errorCount" : 0,
    "errorPct" : 0.0,
    "meanResTime" : 18.099999999999998,
    "medianResTime" : 14.0,
    "minResTime" : 9.0,
    "maxResTime" : 73.0,
    "pct1ResTime" : 26.799999999999997,
    "pct2ResTime" : 52.94999999999987,
    "pct3ResTime" : 73.0,
    "throughput" : 10.495382031905962,
    "receivedKBytesPerSec" : 2.8903298173803527,
    "sentKBytesPerSec" : 2.8288334382871536
  },
  "DELETE /api/visits/{visitId}" : {
    "transaction" : "DELETE /api/visits/{visitId}",
    "sampleCount" : 50,
    "errorCount" : 4,
    "errorPct" : 8.0,
    "meanResTime" : 20.459999999999997,
    "medianResTime" : 16.5,
    "minResTime" : 9.0,
    "maxResTime" : 95.0,
    "pct1ResTime" : 28.9,
    "pct2ResTime" : 60.699999999999804,
    "pct3ResTime" : 95.0,
    "throughput" : 11.165698972755694,
    "receivedKBytesPerSec" : 2.6758423124162576,
    "sentKBytesPerSec" : 2.910060294774453
  },
  "GET /api/pets/{petId}" : {
    "transaction" : "GET /api/pets/{petId}",
    "sampleCount" : 50,
    "errorCount" : 0,
    "errorPct" : 0.0,
    "meanResTime" : 16.500000000000007,
    "medianResTime" : 15.0,
    "minResTime" : 9.0,
    "maxResTime" : 40.0,
    "pct1ResTime" : 27.699999999999996,
    "pct2ResTime" : 33.49999999999996,
    "pct3ResTime" : 40.0,
    "throughput" : 10.817827780181739,
    "receivedKBytesPerSec" : 6.211799545651234,
    "sentKBytesPerSec" : 1.8910070045434877
  },
  "GET /api/visits/{visitId}" : {
    "transaction" : "GET /api/visits/{visitId}",
    "sampleCount" : 50,
    "errorCount" : 3,
    "errorPct" : 6.0,
    "meanResTime" : 17.740000000000002,
    "medianResTime" : 16.0,
    "minResTime" : 9.0,
    "maxResTime" : 43.0,
    "pct1ResTime" : 27.0,
    "pct2ResTime" : 32.34999999999999,
    "pct3ResTime" : 43.0,
    "throughput" : 11.093854004881296,
    "receivedKBytesPerSec" : 7.678593715331707,
    "sentKBytesPerSec" : 1.9596253050809853
  },