{
  "GET /api/pettypes/{petTypeId}" : {
    "transaction" : "GET /api/pettypes/{petTypeId}",
    "sampleCount" : 1000,
    "errorCount" : 0,
    "errorPct" : 0.0,
    "meanResTime" : 4.412999999999992,
    "medianResTime" : 4.0,
    "minResTime" : 2.0,
    "maxResTime" : 68.0,
    "pct1ResTime" : 6.0,
    "pct2ResTime" : 7.0,
    "pct3ResTime" : 13.980000000000018,
    "throughput" : 24.137098720733768,
    "receivedKBytesPerSec" : 8.3206990707217,
    "sentKBytesPerSec" : 4.337134926381849
  },
  "GET /api/specialties" : {
    "transaction" : "GET /api/specialties",
    "sampleCount" : 1000,
    "errorCount" : 0,
    "errorPct" : 0.0,
    "meanResTime" : 9.835999999999991,
    "medianResTime" : 9.0,
    "minResTime" : 5.0,
    "maxResTime" : 81.0,
    "pct1ResTime" : 13.0,
    "pct2ResTime" : 15.0,
    "pct3ResTime" : 54.0,
    "throughput" : 24.33445271815837,
    "receivedKBytesPerSec" : 883.457576874057,
    "sentKBytesPerSec" : 4.325068744828929
  },
  "DELETE /api/pettypes/{petTypeId}" : {
    "transaction" : "DELETE /api/pettypes/{petTypeId}",
    "sampleCount" : 1000,
    "errorCount" : 3,
    "errorPct" : 0.3,
    "meanResTime" : 6.7360000000000015,
    "medianResTime" : 6.0,
    "minResTime" : 2.0,
    "maxResTime" : 32.0,
    "pct1ResTime" : 9.0,
    "pct2ResTime" : 11.0,
    "pct3ResTime" : 18.0,
    "throughput" : 24.53867294856694,
    "receivedKBytesPerSec" : 5.656763203339713,
    "sentKBytesPerSec" : 6.4701579063604235
  },
  "PUT /api/visits/{visitId}" : {
    "transaction" : "PUT /api/visits/{visitId}",
    "sampleCount" : 1000,
    "errorCount" : 0,
    "errorPct" : 0.0,
    "meanResTime" : 6.139999999999992,
    "medianResTime" : 6.0,
    "minResTime" : 3.0,
    "maxResTime" : 39.0,
    "pct1ResTime" : 9.0,
    "pct2ResTime" : 10.0,
    "pct3ResTime" : 16.99000000000001,
    "throughput" : 24.48759703210324,
    "receivedKBytesPerSec" : 6.743654651419056,
    "sentKBytesPerSec" : 17.265669001150915
  },
  "GET /api/pets" : {
    "transaction" : "GET /api/pets",
    "sampleCount" : 1000,
    "errorCount" : 16,
    "errorPct" : 1.6,
    "meanResTime" : 11.216000000000006,
    "medianResTime" : 10.0,
    "minResTime" : 4.0,
    "maxResTime" : 93.0,
    "pct1ResTime" : 15.0,
    "pct2ResTime" : 18.0,
    "pct3ResTime" : 37.99000000000001,
    "throughput" : 24.265954865323952,
    "receivedKBytesPerSec" : 249.46150433753942,
    "sentKBytesPerSec" : 4.147013770929386
  },
  "DELETE /api/specialties/{specialtyId}" : {
    "transaction" : "DELETE /api/specialties/{specialtyId}",
    "sampleCount" : 1000,
    "errorCount" : 78,
    "errorPct" : 7.8,
    "meanResTime" : 6.153999999999996,
    "medianResTime" : 6.0,
    "minResTime" : 2.0,
    "maxResTime" : 34.0,
    "pct1ResTime" : 8.0,
    "pct2ResTime" : 10.0,
    "pct3ResTime" : 16.99000000000001,
    "throughput" : 24.544093463907913,
    "receivedKBytesPerSec" : 5.952326166458041,
    "sentKBytesPerSec" : 6.543493667623886
  },
  "PUT /api/owners/{ownerId}" : {
    "transaction" : "PUT /api/owners/{ownerId}",
    "sampleCount" : 1000,
    "errorCount" : 0,
    "errorPct" : 0.0,
    "meanResTime" : 5.520999999999995,
    "medianResTime" : 5.0,
    "minResTime" : 2.0,
    "maxResTime" : 56.0,
    "pct1ResTime" : 8.0,
    "pct2ResTime" : 9.0,
    "pct3ResTime" : 24.0,
    "throughput" : 24.2107301956227,
    "receivedKBytesPerSec" : 6.667408120278908,
    "sentKBytesPerSec" : 10.166615218865001
  },
  "DELETE /api/pets/{petId}" : {
    "transaction" : "DELETE /api/pets/{petId}",
    "sampleCount" : 1000,
    "errorCount" : 3,
    "errorPct" : 0.3,
    "meanResTime" : 6.438999999999998,
    "medianResTime" : 6.0,
    "minResTime" : 3.0,
    "maxResTime" : 62.0,
    "pct1ResTime" : 9.0,
    "pct2ResTime" : 11.0,
    "pct3ResTime" : 19.0,
    "throughput" : 24.527237497240687,
    "receivedKBytesPerSec" : 5.654127052623188,
    "sentKBytesPerSec" : 6.371333177994162
  },
  "POST /api/owners" : {
    "transaction" : "POST /api/owners",
    "sampleCount" : 1000,
    "errorCount" : 0,
    "errorPct" : 0.0,
    "meanResTime" : 5.020999999999997,
    "medianResTime" : 4.0,
    "minResTime" : 2.0,
    "maxResTime" : 53.0,
    "pct1ResTime" : 7.0,
    "pct2ResTime" : 8.0,
    "pct3ResTime" : 17.0,
    "throughput" : 24.162176528861718,
    "receivedKBytesPerSec" : 12.317047019595526,
    "sentKBytesPerSec" : 9.603521335201874
  },
  "GET /api/owners" : {
    "transaction" : "GET /api/owners",
    "sampleCount" : 1000,
    "errorCount" : 0,
    "errorPct" : 0.0,
    "meanResTime" : 15.064999999999982,
    "medianResTime" : 13.0,
    "minResTime" : 7.0,
    "maxResTime" : 115.0,
    "pct1ResTime" : 20.0,
    "pct2ResTime" : 24.0,
    "pct3ResTime" : 56.0,
    "throughput" : 24.165679901404026,
    "receivedKBytesPerSec" : 430.4059097925376,
    "sentKBytesPerSec" : 4.177075529832532
  },
  "POST /api/pets" : {
    "transaction" : "POST /api/pets",
    "sampleCount" : 1000,
    "errorCount" : 0,
    "errorPct" : 0.0,
    "meanResTime" : 5.613,
    "medianResTime" : 5.0,
    "minResTime" : 2.0,
    "maxResTime" : 61.0,
    "pct1ResTime" : 8.0,
    "pct2ResTime" : 9.0,
    "pct3ResTime" : 26.99000000000001,
    "throughput" : 24.259479391572256,
    "receivedKBytesPerSec" : 14.925265641299339,
    "sentKBytesPerSec" : 13.953938829722714
  },
  "DELETE /api/owners/{ownerId}" : {
    "transaction" : "DELETE /api/owners/{ownerId}",
    "sampleCount" : 1000,
    "errorCount" : 0,
    "errorPct" : 0.0,
    "meanResTime" : 5.0100000000000025,
    "medianResTime" : 4.0,
    "minResTime" : 2.0,
    "maxResTime" : 66.0,
    "pct1ResTime" : 7.0,
    "pct2ResTime" : 8.0,
    "pct3ResTime" : 16.99000000000001,
    "throughput" : 24.53506060159969,
    "receivedKBytesPerSec" : 5.654564748024927,
    "sentKBytesPerSec" : 6.4212853918249175
  },
  "PUT /api/pettypes/{petTypeId}" : {
    "transaction" : "PUT /api/pettypes/{petTypeId}",
    "sampleCount" : 1000,
    "errorCount" : 0,
    "errorPct" : 0.0,
    "meanResTime" : 4.855999999999998,
    "medianResTime" : 4.0,
    "minResTime" : 2.0,
    "maxResTime" : 67.0,
    "pct1ResTime" : 7.0,
    "pct2ResTime" : 8.0,
    "pct3ResTime" : 14.990000000000009,
    "throughput" : 24.133603629693983,
    "receivedKBytesPerSec" : 6.6461681870836955,
    "sentKBytesPerSec" : 6.52832832561058
  },
  "DELETE /api/visits/{visitId}" : {
    "transaction" : "DELETE /api/visits/{visitId}",
    "sampleCount" : 1000,
    "errorCount" : 3,
    "errorPct" : 0.3,
    "meanResTime" : 5.446000000000001,
    "medianResTime" : 5.0,
    "minResTime" : 2.0,
    "maxResTime" : 26.0,
    "pct1ResTime" : 8.0,
    "pct2ResTime" : 9.0,
    "pct3ResTime" : 13.0,
    "throughput" : 24.522425758356018,
    "receivedKBytesPerSec" : 5.653017829336178,
    "sentKBytesPerSec" : 6.4179786164447385
  },
  "GET /api/pets/{petId}" : {
    "transaction" : "GET /api/pets/{petId}",
    "sampleCount" : 1000,
    "errorCount" : 0,
    "errorPct" : 0.0,
    "meanResTime" : 4.913000000000002,
    "medianResTime" : 4.0,
    "minResTime" : 2.0,
    "maxResTime" : 65.0,
    "pct1ResTime" : 7.0,
    "pct2ResTime" : 8.0,
    "pct3ResTime" : 18.980000000000018,
    "throughput" : 24.31019812811474,
    "receivedKBytesPerSec" : 14.03059286495685,
    "sentKBytesPerSec" : 4.27327701470767
  },
  "GET /api/visits/{visitId}" : {
    "transaction" : "GET /api/visits/{visitId}",
    "sampleCount" : 1000,
    "errorCount" : 0,
    "errorPct" : 0.0,
    "meanResTime" : 4.8900000000000015,
    "medianResTime" : 4.0,
    "minResTime" : 2.0,
    "maxResTime" : 24.0,
    "pct1ResTime" : 7.0,
    "pct2ResTime" : 8.0,
    "pct3ResTime" : 12.0,
    "throughput" : 24.50439853953785,
    "receivedKBytesPerSec" : 16.081011541571712,
    "sentKBytesPerSec" : 4.355273959175673
  },
  "POST /api/specialties" : {
    "transaction" : "POST /api/specialties",
    "sampleCount" : 1000,
    "errorCount" : 0,
    "errorPct" : 0.0,
    "meanResTime" : 5.304999999999995,
    "medianResTime" : 4.0,
    "minResTime" : 2.0,
    "maxResTime" : 68.0,